account_name,account_id
holyrektz,1052469121
HONKA_YO,1376848871079481349
HUG3EE,1420698104228110340
iamjyotishi,1535789717450792960
icebagz_,1446715714082115584
iiaone,1457163859
imnotkirei,2983172016
ipot76,605697847
ivangbi_,1346587939149639680
jabbutk,1489168427151511554
jacknuked,1613682770722672640
JackyGekko,1248348987754778640
jasperflux,2801775861
jayohhvee1,3771098120
JebTheGreat_,313753973
JJangBang429,3362483146
johnanil787,1113772503053156352
Johnnybujidao,1575043571803357184
JohnnyZcash,896056375
JohnsonYau4,1083146790713593857
kbruh_eth,2911456922
KenWattana,592249034
kiddcryptoo,1486827300138201088
kindahangry,1354866022147186689
kyle_chasse,1187664208160124930
Lawliet0x,1341466191399768065
LexiconicalGap,1501964920803545094
lukebelmar,1299904825723891712
lvl1baddie,1486597173546565633
MapleLeafCap,955870293179944961
MathijsvEsch,967515043918204929
mcrypto2468,1247648271654412289
MedaTahu,2546185344
MEDSHERMAN,1731243607
melobirdx3,54884969
Mennodeg,1327923114408349697
MeritCircle_IO,1412847182236073988
MetaverseRanger,1352148316994351108
MFL_tw,1156046022595903490
MiddleChildPabk,885225812986699776
miguelrare,1324702060223340544
MikkSilk,1448732464843796481
morellostorment,69254493
mrrose__,875459877388210176
mythbtc,1581681013675073537
nafiss18,4162227676
nagasavas,950281722876264448
namdeew0,1333940976046526466
nameatlas,1436701992001445892
nastylab1,1393941465911500801
Nehemiah_era,1215766996006121473
notab2d_,1378037105562152962
Oiggroup,1384115090899668994
OnchainSku,1448308925112127497
onlytraderock,1372492472291581958
PassiveCryptoo,1349741200711045122
paulkhls,4811642364
Pedr0_DC,199407432
pep0tto,340193427
player1_eth,1069258671111188482
pman555,24700583
PoPi66002146,1411248282265821187
RaccoonHKG,1402966572726054915
realHans_Meiser,921131558349819905
RetardedATH,1665083203516878850
RexNwachukwu,1508433794696687623
rootdraws,736330268433252353
RossToTheFuture,91782608
rsawhney_eth,1413296260564488193
Ruesandora0,1446937588179275777
ryanlsquare,1531090916663971840
RyuSSX,52139734
scriptdotmoney,1337955556087099394
sebsbseb,1459584046204338176
ShintraThePlug,1484695907765477376
shitanalyst_eth,1291796938770219009
Silvaserger,1364781720759726083
silverfang88,1435990322702520320
Smartecio,1320085361394130944
SnorlaxHODL,1014041679999844353
Stxnleee,1592082644
SucioGuap0,868739714538459138
sucuk_warrior,799460942606204930
SunburnerDeFi,1466379281609625603
supermanhulk837,1484031405193850880
tallgraffe,1432594862746914817
Target_Sir,3138289025
Termillyonline,1236647462263312384
theAzimandias,1410796217387397127
TheBoggartt,1434951608459087873
TheCryptoDict,4860043337
thekinggully,1382871270820298756
themafiaboss420,714983592774934528
TheSpartanGroup,956841052563910656
thiccyth0t,1352035198746157058
thisislexar,1551885522250960896
TitanXBT,1386889706152026113
ToBeIsToBreathe,1062690030278328320
TokenMore,1334770700125577216
trustzprocess,749263512787050496
Unipioneer,1295186358743339011
USSMemecode,1478133729939886080
Vigil_eth,1405860995956842498
vvvchannn,1436387097091264518
Web3xLee,332346805
WhitGibbs,997471671723483136
whodoneit21,1370743430524108801
wilsonng2019,1392394617375518721
wokkrr,200330081
wsdxbz1,965571999396397057
xbtwael,357681495
xhanTululu,3379305857
yerrr42069,1357185508661633025
yIWwBoGUcyClVdD,1268852654928584704
Yurickz,137485517
zezima233,1634523214075539457
Zxcvzxcvcv,1440212176128536576
zzzzzeroooo,1411071430960181250
bagfaced,1380923434084012039
0x_heihua,1482761514486726659
0x_venture,119382990
0xBlubberfurry,1384916451312771072
0xBoobavelli,1389320951389634566
0xEdwardElric,1343344195906330625
0xfadetocrypto,953140667294740481
0xleng1,1385351482233475078
0xLeoWolfie,3118671706
0xsmoky,1073403859651960832
0xtommaso,1505740546907656193
0xUn1c0rn,1285332773692043264
0xVinnu,1339822955040186368
4lteredBeast,3029740622
8zalNFT,1369381445194686464
ahboyash,986054149920866305
Alby0x,65709631
AlexWearn,1161333950
alphakoa,1347900123439792132
Big_Flavor_,1426508050781851651
BobBodily,3140748877
breezy_aaa,1079858091972313090
bweys_nft,1381825386573615106
Cattin0x,985229775911473153
choman97,140619614
corporatetrash1,1366205908930285568
cozypront,885331587310735360
CrypJesus,1407788156670332932
CryptoNCoffeee,984634995582136321
D33pM1nd,979663157366018048
derf_eth,1406706858765656064
Ekonomeest,507337880
embezzlor,1389553525223428101
evolvingemmy,314709485
ForNft,1365750796814487553
gillyweb3,1040952806830759937
gutterbt,1361616600734920706
gxexe_,1394674021438951424
hakuwho,1128677668818436097
happysubstack,1616477088659259393
HatoETH,635981504
hekarusO,1471833645262389249
HopefulofNFTs,1390206873178099712
hype_eth,1300673386914304000
hypnoeth,1160701430753353733
iFOMOd,1378231083360116737
its_krishh_,1306500488708251651
Jiurn,1415368994404671493
keung,313275062
Knox556,923206606568947712
kwkm_eth,2496579685
LegacyApe,1258385071167414272
lhordkrane,4694670277
liamdnft,1444510384321302536
lipxin789,3314450395
MadFoxyXBT,1362345725913427969
MrCartographer_,1254538550906728448
Muddawg,82728763
naskaaeth,104791736
NFTAura,892280826
nftboi_,1447265265134223360
NftPinuts,1388001181335658497
OnurES_,982997490818600960
ordjingle,1699031006215553024
ordlordbtc,1368912873649364996
OttoSuwenNFT,1835943590
OVGNFT,4876267985
PhoenixxDown,1392826346003476488
Poppa626,1415324997103534082
PrattyCrypto,363770078
Procrypt,1394322270
PudgyRitesh,21972700
Qihai613,1638895202911027203
RuneSennin,1367396088374845445
RyxnH,1667919620
salvonft,1344066378240839682
shawnscalls,930152980229132288
shoopywoopyy,1280334868443004929
showmeNFTs,1561621897770573824
Shred_,1543027921
solsniperr,1399393068562911232
sonnenoneth,1532297813119619075
SophieRuby123,1116357655679750145
spic3mustflow,341401810
tervelix,1393341428118470670
thelibrarian_0x,1427212600064962569
Tyler_Did_It,40134343
vantablvckv,951030023451852800
WimzCrypto,1519691300525981701
withdrawnpvd,1040877665375289344
Yannimoto,47419361
yourfriend_btc,1442869344522805253
yuumizoomi,1493170422153547776
_AnniesBoobs,480961980
_caoimh,1327771712557989890
_Reezo_,1111145336007995392
0Process,1426291192950632455
0x_defi,1320789980378062848
0x_ma3ko,1179983082025181184
0xCan24,1489388208190328832
0xCaptainLevi,1478191823302672384
0xCrocy,1551114057125617664
0xDaes,1372759714522566659
0xDith,1081436618937036800
0xHANTW,1464383768290992133
0xJ010,882808693
0xjumpman,787863428173934592
0xMeoww,452356495
0xMors,1316898231041871872
0xNotoriousPNG,87676359
0xopaque,1345138114977804288
0xSerJaMad,1306777984624259072
0xV3N,1471632726533025799
0xYelf,1452979796145840140
1Tapi0ca,2921012544
926_sol,1305206083091218433
admen_vc_2,984040456022441984
AlexIsBuilding,1479782723325595649
alexthepengu,1407359723121283073
analyzationz,1238363427598249989
Aruspice_eth,1532849881723056128
BalaclavaETH,1511698452723474435
bigbasedben,1554202321487384576
blast_degen,1696051850594926592
CaoMinh_6666,1388157854058614785
CaptainCKeth,1259599952038297600
CasanovaWeb3,1278676261221646337
chengzi_95330,892286366381359105
cmagnust,905686398212202497
Cryptomed6,1383186276774461445
cslul9494,1494648719282962434
Cutieacee,1175385618982920193
dave_the_monke,1392759951072763911
dev_enjoys,1052125772775854080
dilaw006,1465057885415743488
dlohdnaduf,1406297334158434311
duygusergi,1445138566489808896
Earlyboy24,1599058609761140738
Ego_101,1361398804361195521
ETH_Vincent,4356772342
EthTyler,1394051949151019008
fonkydonk,1435685019314388992
gera_eth,1858857356
GoonMachine,1782871965046353921
Grandma0x,1388145001364918279
guappy_eth,1632167867700346880
Gurpreet8413,1364802975223349251
HellRider070,1512151800819986433
icygobrrr,1457760839734374407
illigmid,1231237889142534144
Indegenuity,1447625889689346052
inqydinqy,1446016817743335424
JarylNgan,29233255
jitzlim,33216247
JpegKaido,2256637748
JunaV,46359366
katekate666888,1332400364298133506
KeemVibes,407421579
KeiDRothschild,1156027811280277504
kushxeth,1418443562258108418
langeriuseth,3253638337
Lowskii_gg,1411821428748419078
MakkaPaakka1,1372435878572822528
maverick23NFT,482014296
maythous,36722328
Midoraslan5,1389284814478524417
mikenike_eth,1394269826965774339
MINHxDYNASTY,1310378599984148480
mooneynft,1432248206193135624
MrMamba_NFT,1570814142054907904
natealexnft,956330918741987329
NGMINate,1405861827305742340
Noise_zzzz,1342020306559365121
o_ponle,1163635199537819648
ogichain,1447476517009776643
ONEMINNFT,1473252062482018312
opt1m3,1379395169452179458
OrbubETH,2990592112
OrtegasCrypto,1571502470563504128
PatrickManfra,346193133
pnizo,14490923
PopeyesNFTs,1435316516015296514
pratham_paul9,1475940544069124096
profitmaxxing,1402093297347219456
quasicypher1,1378105938578710534
RiceRiddler,776160666520461312
Rob100x,332583858
ryandcrypto,1321502344660439040
Sav2222_,1455383282862940161
SenatorT__,200111864
shirleyusy,1026649465338220544
sin107190,1430192514
SkylineETH,1427358209933811722
snarkw_,1483523156748996608
sonix_eth,1261204014479347714
superpotsecret,1307706808593645568
TheAstornia,1467867844264316937
theblumy,1588875206260674560
waveweavoor,1439030467999813640
wwghost,23702487
xzalious1,1354986196158431235
yenhong123,504766018
ykcitsx0,218677331
YOYOMYOYOA,1587200296718983168
Yurribanumi,1427572691826008090
0x_Arjun,283138161
0x_Joe,1132714283056476160
0xBashe,2389916810
0xBobie,792566610842103808
0xEnjoro,1466151675463405573
0xf3dz,1073829497970008064
0xKira_Saifu,788842229070716928
0xNBS,1532959593176915968
0xShaft,1117516841302282240
0xTropics,1320803677091684355
babywailmer,1408167891908714498
bartcheek,1456490723511922693
BiliSquare,887928113312677889
bitcoinzhang1,1333371637450698756
BTC8688,1643899376656613376
BuyHighCellLow,1411393698647187471
Cedric_appren,1338523632285454336
Chris51881574,1424221116738924545
Corey_Ape,1405272139658403846
cryptaar0n,14651458
CryptoElon,443828186
CryptoEthan,1361039118
CryptoSnooper_,1455346826392088582
DefiSolar,1381905478339473409
dexter_cap,1692450457762041856
drqureshie,4841112920
Dude_Its_Ritik,1350464371231604736
DukeOfWapping,1514492470041755649
DynamoxEth,1427636106955198488
Elf_YuSheng,1324756036792692736
etherlect,1455893555461898241
EttoroSummer,1635930340664524800
ExaltedFoks,1409251627790262273
Fauji100,952744558550384645
FlippyFlappy123,1455578411817000961
Foxi_xyz,2945221542
franxyz998,1585545953389559808
HGEABC,1507052909355221006
HGWeb3,1474822443512786944
hhjacks,406322831
hypaverse,1376153115737649154
iamfakeguru,382275201
irmelvin,395961767
KashKysh,1431193566190215173
kungfu_crypto,1416402513117417475
l_unchtime,79263310
la_kikad,837709423506305024
leader_eth,2231468100
Leopoldinhooo,1460367780293881866
lightfi_crypto,1464011150572625925
LongItAll,2664007566
MarioNawfal,1319287761048723458
MingoAirdrop,1314837922336641024
nothgs,441938987
Royssshen,882134201624965120
Sataashii,831344209
shekklz,822185930459115521
SkyhighAlts,1378756111352922116
sodeindemueez,296300236
Thysmala_,1484972990836133889
tmmmnn111,1414183745242865666
veH0rny,1392618894737694724
WawKasem,1493367851889184768
wiziswiz,25588134
yuyue_chris,1490949502261665792
0x_kcs,1483493601749438470
0xBackwards,852067274760617984
0xCrissCross,1281388067845279744
0xCryptobonk,1611032521411624960
0xFinish,1631383357496934400
0xmoriki,994329414
0xnikceth,2832655858
0xpujimak,45091730
0xReflection,1352213635922341889
0xSalazar,1481619338599841792
0xthade,1680143589953896449
1CryptoMama,1063545708890996736
Abrahamchase09,1482480720975122434
ai_bond_connery,1482045547699658753
AIprojecthub,1373367276351725583
arndxt_xo,1577290996026511360
azukisteve,1427351896080191491
bonanno_simon,1287615713549733889
buddythedog2020,1213281218621366272
ChillTRD,2550150342
crypto_iso,1112370699161751553
crypto_popseye,1475419190928437248
CryptoGodJohn,210623431
CRyptOracl3,1246434494585942017
CryptoTHFC,1353464400229912583
CryptoYak,1257616097102172161
DanSimerman,31629563
DeCryptDisciple,1429894536470441992
DegenWave,1411070941480816646
DittoJoBrr,1278869835691069440
Etherean007,747488211660902406
FlagshipFYI,1460708818007040007
GrindingPoet,1103587639121326080
handofg_d,1206100895005581312
Henry_VuQuangDu,1191522172608471040
I_am_patrimonio,1023637918282383361
iamthecrablord,4242636073
intoodeeppp,1443519386296283136
joana_scl,2149238767
Kristian_cy,1376511900821901312
Lincoln_MHV,1261067424620613632
Mellow_Mike1,218557947
MilfoilMillions,1299310576565448704
NDIDI_GRAM,1642738009
NekozTek,876576493505310721
obitot0bI,1642281983534407680
Pablo_01618,1380159385704525827
Peace_Love_sn,1459140323570065410
PlugAstro,1200389096067211264
profeessorr,969280657032654848
pwnlord69,948617035671511040
rekktguy,1273806383423471618
richardmuirhead,18273836
RomeoTrades,2335075836
Roydon41x,1350065574706032640
Scycry,2386867176
ShanAggarwal,342366051
Shawred0,1662736958077165568
shintosworld,2834291226
ShogunMasterRoy,941938128201203712
Statikk_nft,1478579189939081220
Teaching_Crypto,891170454614003713
Tomsuper2870,1397937208993075204
TraderKoz,1019660554472837120
Tristan40349736,896064489279414272
Trizanator,1340606878192201728
whalepoon,525320796
woodycryptow,962369290451103744
Yamatoeth,1474786195389493255
ZenRacc00n,321948218
Zywiecrypto,1264952528082436106
0xFitz,51709173
AnClint,3246143090
anonfungible,738997298546544640
art_xbt,2364212665
breezy_ether,1273719885747458048
btc8686,1442811641721020419
Carlos_ROcelote,320349454
CryptoLeo68,1556648186810286082
DaFunkinBest,51166632
DimitriDotEth,1522464953650745350
doctorDefi2020,1410877375198285827
ihzn7,1401933926134861826
imegatruh,464520869
lumpsugar53,1440609819757477892
LurkMcGurkk,1391896000638373890
Luyaoyuan1,1202404680992575488
skid_eth,1313383566294745089
TienChauLe,1270283643785641985
TuGouKing,1456174505240326144
0xacme,1421707174011568129
0xbeachball,1418311509168508928
0xFalcs,1300519849450524674
0xHelixy,1503033748048261120
0xKube,837429682157006849
0xnouveau,1446121973344473089
0xQuarty,870333000176762881
1AlexWS,1221450911488389125
AlphaOmelette,1413250174844026880
austinpeth,1145762648
BittVoyager,1683552354941976579
co1nconnect,1424057014615826436
coinstacka,902038673356578816
ConnorOnChain,1427326251858018311
CryptoPrestito,1373978436872466436
cryptosiem,717443955454046209
degenApe22,1427552348696563713
DirtyGodPlays,1333305544224882689
dontbuytops,1665821243839324162
EskManso,1325544933181296641
exit_liquid,1500230568751124483
GatoPapa7,1392539967725973505
goinggddark,1049943819557511169
hamzah_eth,1411852664816734209
hyuktrades,2566944355
JedBreed,19477861
Jerbatderbat,1010412339034648576
JGH3534,1341998146839306241
joshnomics,1165840402676637696
kevSandersonz,75872903
MaxiOrdinals,1582815458537136128
meekdonald_,1217956858230714374
monosarin,1392695766934822912
multichainchad,1372954317649543171
mustached0,989847418064732160
owen1v9,1319408629
ResearchAvocado,1333819694135058440
robcrt,1530801019663294464
S4ndr0_0,1290320409183817728
un3trois7,1298791657664585728
VVojtek_P,899971937383968768
x0hu1,280861171
zer0xsaood,1653933528097214464
0xlizzerd,1424867247693078534
Aba6582,1037322638
Aydan_Crypto,937728310288764928
bribe,105399174
Chadingsworth,1069373264
Dougie2xx,142940727
KnightsInvest,1338854836868100096
literallyredard,1336897036030005248
riccheth,1316830465219846147
ryanxvzz,1286454514468495369
shleep_well,1141937977095929857
urule33,1293113170962403328
UniswapVillain,1301203725416103943
chinesefiat,1340045252678316032
0xkuromi,365389586
xAli7_,1422451339133526020
TheNeoYagami,1613744475741773828
keltiv_eth,1427209300804571136
cryptomemez,1300868746412789761
CryptoCaptic,1340196206111150081
gamblerdoteth,1720828059811491840
bag3Lb0y,43050619
Blllyjean,1506684127612964868
gongyan_qilin,1641850271570739200
ralphscall,1600844709445910528
Oura456,1432379024429432833
cryptolytsaber,175716102
moneymancalls,1355151884248621056
CryptoTalkMan,931634991804579840
CrypticFelix,999408168710139904
KevinWeiner,17417296
peipeng6,1387590355973980163
SirGMI,1437365190081777669
0xNetochka,1287458397701496833
bobflipsfiat,1592812564026511361
everythingempt0,1430887571148611588
IHunt100xGems,1397323152053530626
realdogen,6450372
0x_Imperius,1299626130882822145
Kazadar97,1471510079648137234
xyzqcrypto,917312488835899392
LuodiAi,1374055994674749443
Crypto_Aeon7,1494283501495107585
TheCryptoKazi,1431632200018112522
El_Crypto_Chapo,817120972092436480
zonedoutdad,875624201247260674
ded__kat,937040059517173760
3xhuman,2388017323
pool_two,1347737709511651330
0xSheafson,1567297422115717120
cashmoony28,1432792608946937862
DaveHsu,969028802964807681
Djangothedegen,1625386413259882496
ElCryptoDoc,1260953582897111042
ironspidernft,1459851257024180230
JumperWave,1292201662531211264
sushiswapsadboi,727870693916999680
yama201122,581627318
CryptoGemCheds,1400689648461135873
Dajibazhishu,1470971254044000256
0xoblivian,1546338093745295361
BraverCrypto,1464821991513407491
DaveLaVista,1683731292700004352
ericzoo,2597461
MRMILLI0NAIRE,1424451452156661765
0x_Sats,1261232335573393408
coinmerge,1381704361441644547
DeFiDownsin,1314974388727484416
Sykodelic_,1486095473710620674
0x_Neko,1459211276505264130
0xleonidas__,1237757145145368578
cawknight,1527813179392380928
fexir1,220380847
menace1212,1041273504958570497
SnareSZN,460415506
itsk1cks,1607826154135715840
eoj4288,1329395443
0xUnihax0r,1269095159192485896
akurefirstson,933496663
KookCapitalLLC,864011281
TophCoins,1218208849846579217
crypto_jayabaya,872498760114294784
DrProcrast,2820950261
renstern_eth,1374113469545414658
1goonrich,766578266
JakeAndBakeNFT,1163132367592218631
SadieCalls,1473742346646953991
TheCryptoBubble,3307437380
zhongguowujie,1481914461850120195
Thatjpeg_,1450834126723026950
bloomstarbms,2153566883
saynresmi,1292104594554855424
ACuh55,1158875689
CryptoAnglio,2729214382
theraycarpio,2320050633
ProfOakProfits,1369000189328031755
DegenSpartan,1978953986
mememillions,2819500471
CL207,1073132650309726208
Tree_of_Alpha,1456327895866314753
0xSisyphus,1366930865574584323
0xngmi,1373304198448709632
cz_binance,902926941413453824
brian_armstrong,14379660
zachxbt,3012852462
SBF_FTX,1110877798820777986
CoinDesk,1333467482
FEhrsam,315991624
opensea,946213559213555712
lawmaster,16709601
saylor,244647486
APompliano,339061487
TheBlock__,963767159536209921
MessariCrypto,412587524
ethereumJoseph,2362854624
alexisohanian,811350
TheCryptoDog,887748030304329728
stablekwon,357317524
NeerajKA,14710235
tyler,24222556
el33th4xor,399412477
novogratz,19847181
tayvano_,19748227
CryptoCred,899558268795842561
Tetranode,37839293
Blockworks_,989912836901089282
jerallaire,2478756618
Ledger,2652239532
Cointelegraph,2207129125
MagicEden,1433121559057559555
lightcrypto,889183928053104642
cameron,250980843
CryptoKaleo,906234475604037637
coingecko,2412652615
austingriffith,2024211
sreeramkannan,2166711024
katie_haun,857994826230374401
gainzy222,4107711
danielesesta,141007481
AlamedaTrabucco,1260642356753129472
RektHQ,1297925400090337280
RyanWatkins_,708805895258574849
muratpak,96770474
Daryllautk,995684611979034627
greg16676935420,1356434353623093249
paoloardoino,109404961
ysiu,16168217
synthetix_io,898875132864716800
KanavKariya,3309766807
NEARProtocol,1031949518609121280
ThinkingUSD,809191427645181952
Immutable,1233171399872638976
js_horne,1391490624
SpartanBlack_1,973563265811759104
smsunarto,199186811
TusharJain_,1523751438
AlgodTrading,1178640283652767745
AxieInfinity,957716432430641152
EthereumDenver,754438462141378560
arrington,37570179
unusual_whales,1200616796295847936
antiprosynth,863083003081359362
SplitCapital,966968957658779648
NorthRockLP,1444376487457603587
WuBlockchain,111533746
scottmelker,17351167
Travis_Kling,905781705159606272
iamjosephyoung,2272640503
ethena_labs,1637885519374721035
animocabrands,2478217117
rogerkver,176758255
KeithGrossman,31612773
BrettHarrison88,1392369347247710218
eddylazzarin,1147599431568482304
Aptos,1491526425580474368
CremeDeLaCrypto,4826176219
MustStopMurad,844304603336232960
ashleighschap,902600697144856576
BNBCHAIN,1052454006537314306
AlexFinnX,1369348853414178822
glassnode,1022821051187822593
ArkhamIntel,1123403704323805184
protolambda,735426681968660481
PythNetwork,1376553581508059144
nlw,14521044
hal2001,11677482
ohmzeus,1335984626230321154
kevinsekniqi,995834351316324352
dapperlabs,974676150092947457
9x9x9eth,1435343501802229760
emiliemc,21978309
DeBankDeFi,1156037602488639490
VladZamfir,139487079
poordart,1289834351803265025
illuviumio,1320668427896324096
MantaNetwork,1326658439527936000
tzhen,19756749
DocumentingBTC,1337780902680809474
FantomFDN,977020204071792641
biancoresearch,188369814
max_bronstein,731705267742642177
CryptoGucci,900794431590338562
MacnBTC,996294856078188544
JSeyff,516273728
0xShual,1334586569076903937
KyberNetwork,865963965649571840
coinbureau,906230721513181184
crypto_bobby,897802137832501249
flow_blockchain,1167532630746828801
CryptoVonDoom,949458210494140416
marenaltman,1457305928
FreddieRaynolds,1009165539304865794
john_j_brown,1214309783248850944
CryptoCapo_,988796804446769153
nansen_intern,1410479104223154177
jacqmelinek,1044207764212518912
News_Of_Alpha,1282727055604486148
seerlight,720848934663376896
eulerfinance,1295028541139177482
jdkanani,834607710
Worldwide_WEB3,1363526518706733058
kamikaz_ETH,1350246307126919171
coinfund_io,3344834374
brucefenton,19132398
SynapseProtocol,1363885953929142278
TornadoCash,1154795176507969543
ArweaveEco,892752981736779776
intocryptoverse,943506806931734528
bobanetwork,831847934534746114
jbaylina,52147487
jgarzik,94274445
fcmartinelli,202714557
metaplex,158758371
BarryFried1,1440614291103571975
BullyEsq,848232140332519424
AureliusBTC,998302896620953600
NFTgirl,1362532781478326273
coinmetrics,867328053416001536
GOPMajorityWhip,2914515430
korpi87,2375428142
loopringorg,9130922
unstoppableweb,1101647425867902976
MilkRoadDaily,1476696261222936577
maplefinance,1164762427604389890
lrettig,95308902
SetProtocol,923764031583789057
templecrash,2882819127
Blockstream,2307692107
Psycheout86,2731277064
ShapeShift,2561715571
LunarCrush,988992203568562176
bitbitcrypto,827237880300974081
alistairmilne,20902138
52kskew,723345972
infura_io,761372197298528256
helium,2434121118
0xChristina,948996088219959298
Jen_Stark,68508051
stellaxyz_,1260105245033558022
KoroushAK,1392927426
HaileyLennonBTC,3740778132
ftx_app,3983151149
perpprotocol,1231831448509829121
androolloyd,140971179
rollbitcom,1227923263533305857
asiahodl,3301427610
rendernetwork,900487236315078657
FabiusMercurius,711927293543899136
mikejcasey,92281665
CreamdotFinance,1274269247892418561
BTCTN,3367334171
sabet,14196323
EvanWeb3,1973894065
spencecoin,37456482
Abu9ala7,319101222
MyCrypto,963619699157221376
Algorand,927909832002277376
ShardiB2,1091099554605395968
NethermindEth,1023893332940992512
semenov_roman_,77503692
harmonyprotocol,1006055524666826754
OriginProtocol,928647522817417216
BTC_JackSparrow,380546370
heyibinance,1003840309166366721
IDrawCharts,958032765710143489
QCPgroup,947773454882709511
stefdelev,267579288
PastryEth,1403894219316547586
tradingview,373457750
MultichainOrg,1274693174930190341
BinanceResearch,985688130509393920
santimentfeed,776078472477347840
chainalysis,2924758090
SpencerApplebau,1636288561
MoonbeamNetwork,1214659473123487744
nonfungibles,970659199112884224
psych_nft,527997176
Kurt_M_Barry,1180713598093422592
cryptocevo,1962290894
QuickswapDEX,1311611340767793154
lumbergdoteth,484422564
TheTieIO,1014864886915108869
Parcl,1397334699308113923
Breedlove22,285636352
WilderWorld,1336204428509028352
dominic_w,5663192
rsalame7926,764205467816038400
rafagrassetti,47401172
monero,2478439963
myetherwallet,4831010888
CryptoKitties,907638040377491457
John1wu,1020364389222793216
0xjepsen,1185243465040441346
Captain_Kole1,914344969938366464
leashless,48093881
enzymefinance,763039521936203776
crypthoem,1360153294937669635
ThinkingBitmex,509690453
shivsakhuja,1011603422
HermanNarula,2529969614
nero_eth,1469573165571530756
NeonLabsOrg,1382682373368713224
CelerNetwork,969093664348631040
BitwiseInvest,914777926180200448
skewdotcom,1039429642099322880
ryanbreslow,369735258
tascha_panpan,1237633663765905408
kenchangh,1701685844
thecryptocactus,1003316046655381504
fifikobayashi,741281509160550400
Web3WithBinance,1400391752368992260
DeFiRate,1150505915059060737
ankr,1010430329218371584
biconomy,1140637286637473792
BinanceUS,1115465940831891457
oceanprotocol,908581392061214720
dpuellARK,864211771858591746
PrismaFi,1653002572075253766
ohaiom,229866044
BreederDodo,1263479224419012619
daomaker,1143108958326054912
realMaskNetwork,1113516753307426816
DavidAriew,919330729
cryptodavidw,320135470
BillyBobBaghold,971741153530757120
AcalaNetwork,1169145165531013120
kevinolearytv,32002507
Barn_Bridge,1292142909236666371
DocumentEther,1326133795204988934
tradeparadigm,1084218164265844736
OneMorePeter,2325706010
finestonematt,867382533876576256
DWFLabs,1542042946161512448
coinage_x_daic,1362475747559038978
DeFiKingdoms,1412168764284706822
Paddy_Stash,832216483333808128
redacted_j,1388558950472298500
surojit,17672219
themetav3rse,1427759853498298369
GodsUnchained,1004945445263536128
SeedifyFund,1345102860732788740
GenesysGo,1385673473213624321
KAVA_CHAIN,1032773383958745088
AttentionToken,841424245938769920
muxprotocol,1193729338719395841
getty_hill,2230502245
arca,996441818769244160
Livepeer,842813286773145601
xdev_10,1321374313275011073
DooWanNam,1023456613187837952
FreddieFarmer,43088277
MultiversX,986967941685153792
BlockEnthusiast,962932834418790400
_patrickogrady,851971800
Cardano,825920479055671296
agoric,14135691
polkastarter,1294380534496468992
DefiSafety,1288478349581574144
lars0x,2811745532
BitGo,2294954370
tmlee,14271959
benbybit,1100932506193260544
MattBallen4791,845404153740439553
RugDocIO,1369353035026214915
marek_,250985705
0xkrane,1381512098799214592
BobSummerwill,1361722422
0xbabi,4814135416
richwgalvin,927405023369224192
NotionalFinance,1320137965130010626
BandProtocol,993805028182781954
NoelleInMadrid,2289920970
MaviaGame,1451208655752282116
QuickNode,878924739812761600
JohnEDeaton1,1079853966681346048
_amymadison,468038743
clintonbembryjr,1119465868490993664
impossiblefi,1315920782065766400
DeFi,1323334073453023233
DarenMatsuoka,1493847997
Obstropolos,897890544613040128
zilliqa,872984298973941764
RomeenSheth,893823882
SkaleNetwork,998721198958641152
Neutron_org,1541802872933089281
propelforward,48670183
JohnWRichKid,1365702473038639111
serotonin_hq,1468951598001016835
keighstone,2884800767
EllieFrost,989188768992243712
resonancethis,863080613418385408
genesisvol,1240340189089841153
hxrobtc,1192562656479191040
ryanzarick,519243392
davijlu,738593846708166658
OasisProtocol,1149448314158342144
TrueFiDAO,899820889943949316
Globalcoinrsrch,990355365933010944
warobusiness,355560008
samcassatt,42333215
AmpleforthOrg,963535553869172736
OokiTrade,951832405714841600
Mtrl_Scientist,111871923
Eljaboom,3296780478
switchboardxyz,1384968566743740418
kristiehuang,864332432459284480
FTX_Access,1496210209483726863
solflare_wallet,1261736634116161538
thefabricant,1053725893666004993
Everyrealm,787429086066991104
ashwinrz,991062733675225088
maxbranzburg,160707729
PolyhedraZK,1611184634418823169
0xttk,469115513
sethginns,1872617959
district0x,865213817466142724
icy_tools,1379791060226953219
cloudwhiteNFT,963863710346436608
DonnieBigBags,773676379992883200
SovrynBTC,1292771861512634368
storj,345738416
jaredgrey,17107670
threesigmaxyz,1488211633281380355
_danielmarzec,1789734631559876609
pakman,15158441
HashBastardsNFT,1376261172295561220
NGC_Ventures,1008979996231139328
fozzydiablo,1001654384743387137
Nexo,919174740270637056
anocam_,98514993
magic_labs,1221344704811241472
annairrera,41225205
SkynetLabs,3351041295
FortaNetwork,1437900694514806789
hellodapper,1093665710675390464
bounce_finance,1285409312085471232
amandaterry,16364898
BobMcElrath,2416374152
ivan_bezdomny,110505844
ICODrops,900009678184353793
CertoraInc,1091391900089749504
SynFuturesDefi,1346047679260893184
TurboToadToken,1576074699461005312
jacobvcreech,1096489773697515526
NuCypher,3291895956
SlowMist_Team,988385053800517632
CryptoTea_,1390482601400487937
galenlawkun,2919463550
sainteclectic,82224605
GAM3Sgg_,1468188829001654273
unicmetaverse,1455800237176524805
shanvasion,1438575484368007173
pangolindex,1330644600801865728
DisruptionJoe,860730680581406720
FlareNetworks,1098955584907431936
redstone_defi,1294053547630362630
b05crypto,15777984
Muncheds2,1453911506161078273
LEVXeth,1187725084066103298
